{
  "model": "google/gemma-2-2b-it",
  "num_layers": 26,
  "n_samples": 1000,
  "layer_sweep": {
    "0": {
      "cv_auroc": 0.6839375000000001,
      "best_C": 0.01
    },
    "1": {
      "cv_auroc": 0.9631875000000001,
      "best_C": 0.1
    },
    "2": {
      "cv_auroc": 0.98003125,
      "best_C": 0.1
    },
    "3": {
      "cv_auroc": 0.9768125,
      "best_C": 0.1
    },
    "4": {
      "cv_auroc": 0.97028125,
      "best_C": 0.1
    },
    "5": {
      "cv_auroc": 0.977125,
      "best_C": 0.1
    },
    "6": {
      "cv_auroc": 0.97809375,
      "best_C": 0.1
    },
    "7": {
      "cv_auroc": 0.9737187500000001,
      "best_C": 0.1
    },
    "8": {
      "cv_auroc": 0.9915,
      "best_C": 10.0
    },
    "9": {
      "cv_auroc": 0.9919062500000001,
      "best_C": 10.0
    },
    "10": {
      "cv_auroc": 0.98853125,
      "best_C": 0.1
    },
    "11": {
      "cv_auroc": 0.9829374999999999,
      "best_C": 0.01
    },
    "12": {
      "cv_auroc": 0.98865625,
      "best_C": 0.1
    },
    "13": {
      "cv_auroc": 0.9888750000000002,
      "best_C": 0.1
    },
    "14": {
      "cv_auroc": 0.98953125,
      "best_C": 0.1
    },
    "15": {
      "cv_auroc": 0.9886874999999999,
      "best_C": 0.01
    },
    "16": {
      "cv_auroc": 0.9881249999999999,
      "best_C": 0.01
    },
    "17": {
      "cv_auroc": 0.9884375000000001,
      "best_C": 0.1
    },
    "18": {
      "cv_auroc": 0.9855,
      "best_C": 0.01
    },
    "19": {
      "cv_auroc": 0.9843437500000001,
      "best_C": 0.01
    },
    "20": {
      "cv_auroc": 0.9878124999999999,
      "best_C": 0.01
    },
    "21": {
      "cv_auroc": 0.9881562500000001,
      "best_C": 0.01
    },
    "22": {
      "cv_auroc": 0.98859375,
      "best_C": 0.01
    },
    "23": {
      "cv_auroc": 0.9904375,
      "best_C": 0.1
    },
    "24": {
      "cv_auroc": 0.99140625,
      "best_C": 0.1
    },
    "25": {
      "cv_auroc": 0.9926562499999999,
      "best_C": 0.1
    },
    "26": {
      "cv_auroc": 0.9935312499999999,
      "best_C": 0.1
    }
  },
  "final_probe": {
    "layer": 26,
    "best_C": 0.1,
    "test_metrics": {
      "auroc": 0.9807,
      "auprc": 0.9859594165559084,
      "accuracy": 0.955,
      "precision": 0.9504950495049505,
      "recall": 0.96,
      "f1": 0.9552238805970149,
      "brier": 0.04091333622267789
    },
    "bootstrap_auroc": {
      "mean": 0.9804782283548902,
      "ci_lo": 0.9590815200062539,
      "ci_hi": 0.9959055571244957
    },
    "classification_report": {
      "deceptive": {
        "precision": 0.9595959595959596,
        "recall": 0.95,
        "f1-score": 0.9547738693467337,
        "support": 100.0
      },
      "honest": {
        "precision": 0.9504950495049505,
        "recall": 0.96,
        "f1-score": 0.9552238805970149,
        "support": 100.0
      },
      "accuracy": 0.955,
      "macro avg": {
        "precision": 0.955045504550455,
        "recall": 0.955,
        "f1-score": 0.9549988749718743,
        "support": 200.0
      },
      "weighted avg": {
        "precision": 0.955045504550455,
        "recall": 0.955,
        "f1-score": 0.9549988749718743,
        "support": 200.0
      }
    },
    "calibration": [
      {
        "bin_center": 0.05,
        "mean_predicted": 0.008154486728100457,
        "mean_actual": 0.045454545454545456,
        "count": 88
      },
      {
        "bin_center": 0.15000000000000002,
        "mean_predicted": 0.15315613281892224,
        "mean_actual": 0.0,
        "count": 6
      },
      {
        "bin_center": 0.25,
        "mean_predicted": 0.2663783023502653,
        "mean_actual": 0.0,
        "count": 2
      },
      {
        "bin_center": 0.35000000000000003,
        "mean_predicted": 0.3176444505729001,
        "mean_actual": 0.0,
        "count": 1
      },
      {
        "bin_center": 0.45,
        "mean_predicted": 0.44687483507993137,
        "mean_actual": 0.0,
        "count": 2
      },
      {
        "bin_center": 0.55,
        "mean_predicted": 0.5024803939605693,
        "mean_actual": 0.0,
        "count": 1
      },
      {
        "bin_center": 0.6500000000000001,
        "mean_predicted": 0.6942707131050289,
        "mean_actual": 0.0,
        "count": 1
      },
      {
        "bin_center": 0.75,
        "mean_predicted": 0.7604983206069058,
        "mean_actual": 0.8,
        "count": 5
      },
      {
        "bin_center": 0.8500000000000001,
        "mean_predicted": 0.8081757161407404,
        "mean_actual": 1.0,
        "count": 1
      },
      {
        "bin_center": 0.95,
        "mean_predicted": 0.9956168586196913,
        "mean_actual": 0.978494623655914,
        "count": 93
      }
    ],
    "gold_106": {
      "auroc": 0.6627450980392158,
      "accuracy": 0.5471698113207547,
      "n_samples": 106,
      "n_af": 51,
      "n_aligned": 55
    },
    "gold_106_bootstrap": {
      "mean": 0.6663716350792267,
      "ci_lo": 0.5606719296601699,
      "ci_hi": 0.7644024441143614
    },
    "clean_text": {
      "n_samples": 30,
      "n_honest": 1,
      "fp_rate": 0.9666666666666667,
      "mean_p_honest": 0.060408215065059306
    }
  },
  "ablations": {
    "random_labels": {
      "auroc_mean": 0.4860312499999999,
      "auroc_std": 0.04212745727254376
    },
    "shuffled_activations": {
      "auroc_mean": 0.5231250000000001,
      "auroc_std": 0.048852756287388735
    },
    "bow_baseline": {
      "auroc_mean": 0.9973124999999999,
      "auroc_std": 0.00421747665968646
    },
    "no_scratchpad_tags": {
      "auroc_mean": 0.9964999999999999,
      "auroc_std": 0.0019754350786598813
    },
    "truncated_128": {
      "auroc_mean": 0.9329375000000001,
      "auroc_std": 0.014005230607705078
    }
  },
  "elapsed_seconds": 397.887832403183,
  "timestamp": "2026-02-17T18:26:22"
}