{
  "model": "google/gemma-2-2b-it",
  "num_layers": 26,
  "n_samples": 1634,
  "layer_sweep": {
    "mean": {
      "0": {
        "cv_auroc": 0.5450356595665772,
        "best_C": 0.01
      },
      "1": {
        "cv_auroc": 0.5620565045087388,
        "best_C": 0.01
      },
      "2": {
        "cv_auroc": 0.5789579640310687,
        "best_C": 0.01
      },
      "3": {
        "cv_auroc": 0.6008000796820796,
        "best_C": 0.01
      },
      "4": {
        "cv_auroc": 0.6046371665493162,
        "best_C": 0.01
      },
      "5": {
        "cv_auroc": 0.629145602476387,
        "best_C": 0.01
      },
      "6": {
        "cv_auroc": 0.6530456363504505,
        "best_C": 0.01
      },
      "7": {
        "cv_auroc": 0.6776885587366167,
        "best_C": 0.01
      },
      "8": {
        "cv_auroc": 0.6507273743745003,
        "best_C": 0.01
      },
      "9": {
        "cv_auroc": 0.6598159509202454,
        "best_C": 0.01
      },
      "10": {
        "cv_auroc": 0.6807027537135246,
        "best_C": 0.01
      },
      "11": {
        "cv_auroc": 0.7316970355145231,
        "best_C": 0.01
      },
      "12": {
        "cv_auroc": 0.739835853080199,
        "best_C": 0.01
      },
      "13": {
        "cv_auroc": 0.7783105930347948,
        "best_C": 0.01
      },
      "14": {
        "cv_auroc": 0.784033427917553,
        "best_C": 0.01
      },
      "15": {
        "cv_auroc": 0.7834113936193748,
        "best_C": 0.01
      },
      "16": {
        "cv_auroc": 0.7670058357025289,
        "best_C": 0.01
      },
      "17": {
        "cv_auroc": 0.7341366566023672,
        "best_C": 0.01
      },
      "18": {
        "cv_auroc": 0.7306439101501934,
        "best_C": 0.01
      },
      "19": {
        "cv_auroc": 0.7162201226626668,
        "best_C": 0.01
      },
      "20": {
        "cv_auroc": 0.708208814784147,
        "best_C": 0.01
      },
      "21": {
        "cv_auroc": 0.7004737778944653,
        "best_C": 0.1
      },
      "22": {
        "cv_auroc": 0.6846447675587448,
        "best_C": 0.01
      },
      "23": {
        "cv_auroc": 0.6767382030589473,
        "best_C": 0.1
      },
      "24": {
        "cv_auroc": 0.6555518580704268,
        "best_C": 0.1
      },
      "25": {
        "cv_auroc": 0.645231697678112,
        "best_C": 0.01
      },
      "26": {
        "cv_auroc": 0.6049198176124936,
        "best_C": 1.0
      }
    },
    "first": {
      "0": {
        "cv_auroc": 0.5,
        "best_C": 0.01
      },
      "1": {
        "cv_auroc": 0.5119370043393686,
        "best_C": 0.01
      },
      "2": {
        "cv_auroc": 0.5145069579530152,
        "best_C": 0.01
      },
      "3": {
        "cv_auroc": 0.5140243902439025,
        "best_C": 0.1
      },
      "4": {
        "cv_auroc": 0.5102199610953165,
        "best_C": 1.0
      },
      "5": {
        "cv_auroc": 0.5126402813107885,
        "best_C": 0.1
      },
      "6": {
        "cv_auroc": 0.5121651952715846,
        "best_C": 10.0
      },
      "7": {
        "cv_auroc": 0.5119631901840491,
        "best_C": 0.01
      },
      "8": {
        "cv_auroc": 0.512614095466108,
        "best_C": 1.0
      },
      "9": {
        "cv_auroc": 0.5134221158162502,
        "best_C": 1.0
      },
      "10": {
        "cv_auroc": 0.513575490049379,
        "best_C": 0.1
      },
      "11": {
        "cv_auroc": 0.5140243902439025,
        "best_C": 1.0
      },
      "12": {
        "cv_auroc": 0.5119631901840491,
        "best_C": 0.01
      },
      "13": {
        "cv_auroc": 0.5118509651354183,
        "best_C": 1.0
      },
      "14": {
        "cv_auroc": 0.5138186213715048,
        "best_C": 0.01
      },
      "15": {
        "cv_auroc": 0.5130442914858596,
        "best_C": 10.0
      },
      "16": {
        "cv_auroc": 0.5132014065539428,
        "best_C": 0.01
      },
      "17": {
        "cv_auroc": 0.5146207894951846,
        "best_C": 1.0
      },
      "18": {
        "cv_auroc": 0.5132949274278019,
        "best_C": 1.0
      },
      "19": {
        "cv_auroc": 0.5122998423800339,
        "best_C": 0.01
      },
      "20": {
        "cv_auroc": 0.5140243902439025,
        "best_C": 0.01
      },
      "21": {
        "cv_auroc": 0.5114020649408948,
        "best_C": 0.01
      },
      "22": {
        "cv_auroc": 0.5143461020499777,
        "best_C": 0.1
      },
      "23": {
        "cv_auroc": 0.5122790268137541,
        "best_C": 1.0
      },
      "24": {
        "cv_auroc": 0.5146079604967829,
        "best_C": 10.0
      },
      "25": {
        "cv_auroc": 0.5120828969025887,
        "best_C": 0.1
      },
      "26": {
        "cv_auroc": 0.5131474283710431,
        "best_C": 0.1
      }
    },
    "last": {
      "0": {
        "cv_auroc": 0.5286365505737936,
        "best_C": 0.01
      },
      "1": {
        "cv_auroc": 0.5654954104774592,
        "best_C": 0.01
      },
      "2": {
        "cv_auroc": 0.5800730082463608,
        "best_C": 1.0
      },
      "3": {
        "cv_auroc": 0.5925002914638278,
        "best_C": 0.01
      },
      "4": {
        "cv_auroc": 0.6042919081379455,
        "best_C": 0.01
      },
      "5": {
        "cv_auroc": 0.6593802239727392,
        "best_C": 0.01
      },
      "6": {
        "cv_auroc": 0.7107049385447373,
        "best_C": 0.01
      },
      "7": {
        "cv_auroc": 0.7345074353110952,
        "best_C": 0.01
      },
      "8": {
        "cv_auroc": 0.7521501309521733,
        "best_C": 0.01
      },
      "9": {
        "cv_auroc": 0.7680004847020505,
        "best_C": 0.01
      },
      "10": {
        "cv_auroc": 0.7774543319786769,
        "best_C": 0.01
      },
      "11": {
        "cv_auroc": 0.8338014502505671,
        "best_C": 0.01
      },
      "12": {
        "cv_auroc": 0.8432076994186328,
        "best_C": 0.01
      },
      "13": {
        "cv_auroc": 0.8486861177844343,
        "best_C": 0.01
      },
      "14": {
        "cv_auroc": 0.8745935800846208,
        "best_C": 0.01
      },
      "15": {
        "cv_auroc": 0.882193533817607,
        "best_C": 0.01
      },
      "16": {
        "cv_auroc": 0.9009031706674477,
        "best_C": 0.01
      },
      "17": {
        "cv_auroc": 0.8897347357868928,
        "best_C": 0.01
      },
      "18": {
        "cv_auroc": 0.884546404254362,
        "best_C": 0.01
      },
      "19": {
        "cv_auroc": 0.8810897809569009,
        "best_C": 0.01
      },
      "20": {
        "cv_auroc": 0.8748429996814553,
        "best_C": 0.01
      },
      "21": {
        "cv_auroc": 0.8685136446381213,
        "best_C": 0.01
      },
      "22": {
        "cv_auroc": 0.8622720500418147,
        "best_C": 0.01
      },
      "23": {
        "cv_auroc": 0.8574748308362302,
        "best_C": 0.01
      },
      "24": {
        "cv_auroc": 0.8554293055633329,
        "best_C": 0.01
      },
      "25": {
        "cv_auroc": 0.85097096469478,
        "best_C": 0.01
      },
      "26": {
        "cv_auroc": 0.8424244649688019,
        "best_C": 0.01
      }
    }
  },
  "final_probe": {
    "best_pool": "last",
    "best_layer": 16,
    "best_C": 0.01,
    "metrics": {
      "auroc": 0.8768143049528655,
      "auprc": 0.8868350560453797,
      "accuracy": 0.7737003058103975,
      "precision": 0.7696969696969697,
      "recall": 0.7791411042944786,
      "f1": 0.774390243902439,
      "brier": 0.15282624729017633
    },
    "bootstrap_auroc": {
      "mean": 0.8769466856380151,
      "ci_lo": 0.8357635769346529,
      "ci_hi": 0.9102949704938982
    },
    "calibration": [
      {
        "bin_center": 0.05,
        "mean_predicted": 0.03246540758586186,
        "mean_actual": 0.07407407407407407,
        "count": 81
      },
      {
        "bin_center": 0.15000000000000002,
        "mean_predicted": 0.1499850468087451,
        "mean_actual": 0.27586206896551724,
        "count": 29
      },
      {
        "bin_center": 0.25,
        "mean_predicted": 0.2538692792926752,