{
  "model": "google/gemma-3-4b-it",
  "quantization": "none_bf16",
  "num_layers": 34,
  "hidden_dim": 2560,
  "n_samples": 1634,
  "n_dev": 1307,
  "n_test": 327,
  "layer_sweep": {
    "mean": {
      "0": {
        "cv_auroc": 0.600456222292945,
        "best_C": 0.01
      },
      "1": {
        "cv_auroc": 0.6306013187325465,
        "best_C": 0.01
      },
      "2": {
        "cv_auroc": 0.6444953449906541,
        "best_C": 0.01
      },
      "3": {
        "cv_auroc": 0.6582112392589639,
        "best_C": 0.01
      },
      "4": {
        "cv_auroc": 0.6593746105884094,
        "best_C": 0.01
      },
      "5": {
        "cv_auroc": 0.6771929195447639,
        "best_C": 0.01
      },
      "6": {
        "cv_auroc": 0.667485667412245,
        "best_C": 0.01
      },
      "7": {
        "cv_auroc": 0.6442263988560825,
        "best_C": 0.01
      },
      "8": {
        "cv_auroc": 0.6902490889449691,
        "best_C": 0.01
      },
      "9": {
        "cv_auroc": 0.7092704836099744,
        "best_C": 0.01
      },
      "10": {
        "cv_auroc": 0.7357372934157503,
        "best_C": 0.01
      },
      "11": {
        "cv_auroc": 0.7289602094193901,
        "best_C": 0.01
      },
      "12": {
        "cv_auroc": 0.7312406933431349,
        "best_C": 0.01
      },
      "13": {
        "cv_auroc": 0.7774753129860641,
        "best_C": 0.01
      },
      "14": {
        "cv_auroc": 0.7806542562967014,
        "best_C": 0.01
      },
      "15": {
        "cv_auroc": 0.7965692334586922,
        "best_C": 0.01
      },
      "16": {
        "cv_auroc": 0.7815254624752905,
        "best_C": 1.0
      },
      "17": {
        "cv_auroc": 0.7773177105512051,
        "best_C": 0.01
      },
      "18": {
        "cv_auroc": 0.7815140770889271,
        "best_C": 0.01
      },
      "19": {
        "cv_auroc": 0.7963607105556874,
        "best_C": 0.01
      },
      "20": {
        "cv_auroc": 0.7970933198262607,
        "best_C": 0.01
      },
      "21": {
        "cv_auroc": 0.7821520173201311,
        "best_C": 0.01
      },
      "22": {
        "cv_auroc": 0.7744479656466139,
        "best_C": 0.1
      },
      "23": {
        "cv_auroc": 0.762770593429646,
        "best_C": 0.01
      },
      "24": {
        "cv_auroc": 0.7524885137588362,
        "best_C": 0.01
      },
      "25": {
        "cv_auroc": 0.7433904246211221,
        "best_C": 0.1
      },
      "26": {
        "cv_auroc": 0.7383934950894918,
        "best_C": 0.1
      },
      "27": {
        "cv_auroc": 0.7334323353937595,
        "best_C": 0.1
      },
      "28": {
        "cv_auroc": 0.7296065766294774,
        "best_C": 0.1
      },
      "29": {
        "cv_auroc": 0.7234961204520088,
        "best_C": 0.1
      },
      "30": {
        "cv_auroc": 0.7146112159502988,
        "best_C": 0.1
      },
      "31": {
        "cv_auroc": 0.7023065716987983,
        "best_C": 0.1
      },
      "32": {
        "cv_auroc": 0.6976572998704575,
        "best_C": 0.1
      },
      "33": {
        "cv_auroc": 0.7018129658931477,
        "best_C": 1.0
      },
      "34": {
        "cv_auroc": 0.6690379348522814,
        "best_C": 1.0
      }
    },
    "first": {
      "0": {
        "cv_auroc": 0.5,
        "best_C": 0.01
      },
      "1": {
        "cv_auroc": 0.521527658868723,
        "best_C": 0.1
      },
      "2": {
        "cv_auroc": 0.5200530272128663,
        "best_C": 1.0
      },
      "3": {
        "cv_auroc": 0.5180621982760553,
        "best_C": 0.01
      },
      "4": {
        "cv_auroc": 0.522908966215883,
        "best_C": 0.01
      },
      "5": {
        "cv_auroc": 0.5198686198132617,
        "best_C": 10.0
      },
      "6": {
        "cv_auroc": 0.5208633619163308,
        "best_C": 10.0
      },
      "7": {
        "cv_auroc": 0.5229068146468066,
        "best_C": 0.01
      },
      "8": {
        "cv_auroc": 0.5198102136777039,
        "best_C": 0.01
      },
      "9": {
        "cv_auroc": 0.5197322192986782,
        "best_C": 1.0
      },
      "10": {
        "cv_auroc": 0.5182943436145464,
        "best_C": 10.0
      },
      "11": {
        "cv_auroc": 0.521134683741758,
        "best_C": 0.01
      },
      "12": {
        "cv_auroc": 0.5186140309198406,
        "best_C": 10.0
      },
      "13": {
        "cv_auroc": 0.521076098308777,
        "best_C": 1.0
      },
      "14": {
        "cv_auroc": 0.5187999175231854,
        "best_C": 0.01
      },
      "15": {
        "cv_auroc": 0.5195844782220866,
        "best_C": 10.0
      },
      "16": {
        "cv_auroc": 0.5222812907621485,
        "best_C": 1.0
      },
      "17": {
        "cv_auroc": 0.5228984773166347,
        "best_C": 10.0
      },
      "18": {
        "cv_auroc": 0.5220941042524867,
        "best_C": 1.0
      },
      "19": {
        "cv_auroc": 0.5224516233140439,
        "best_C": 0.01
      },
      "20": {
        "cv_auroc": 0.5180444478311735,
        "best_C": 10.0
      },
      "21": {
        "cv_auroc": 0.5196558834208156,
        "best_C": 10.0
      },
      "22": {
        "cv_auroc": 0.5221514794278619,
        "best_C": 0.1
      },
      "23": {
        "cv_auroc": 0.5190881381307346,
        "best_C": 1.0
      },
      "24": {
        "cv_auroc": 0.5289021170543227,
        "best_C": 1.0
      },
      "25": {
        "cv_auroc": 0.5283682141528422,
        "best_C": 10.0
      },
      "26": {
        "cv_auroc": 0.5245527201660295,
        "best_C": 0.1
      },
      "27": {
        "cv_auroc": 0.5271481400133576,
        "best_C": 0.1
      },
      "28": {
        "cv_auroc": 0.5278678846938273,
        "best_C": 0.01
      },
      "29": {
        "cv_auroc": 0.5280737629598419,
        "best_C": 1.0
      },
      "30": {
        "cv_auroc": 0.5274451013702806,
        "best_C": 0.1
      },
      "31": {
        "cv_auroc": 0.5269815727073464,
        "best_C": 1.0
      },
      "32": {
        "cv_auroc": 0.5258103122912866,
        "best_C": 0.01
      },
      "33": {
        "cv_auroc": 0.5270013402482373,
        "best_C": 0.1
      },
      "34": {
        "cv_auroc": 0.5265655130371638,
        "best_C": 1.0
      }
    },
    "last": {
      "0": {
        "cv_auroc": 0.5420665820980488,
        "best_C": 0.01
      },
      "1": {
        "cv_auroc": 0.5599417283375094,
        "best_C": 0.1
      },
      "2": {
        "cv_auroc": 0.5849118529043941,
        "best_C": 0.01
      },
      "3": {
        "cv_auroc": 0.5976165097067142,
        "best_C": 0.01
      },
      "4": {
        "cv_auroc": 0.6152839398815739,
        "best_C": 0.01
      },
      "5": {
        "cv_auroc": 0.6644196814781279,
        "best_C": 0.01
      },
      "6": {
        "cv_auroc": 0.6553030350571286,
        "best_C": 0.01
      },
      "7": {
        "cv_auroc": 0.6634965686955664,
        "best_C": 0.01
      },
      "8": {
        "cv_auroc": 0.7091175429081147,
        "best_C": 0.01
      },
      "9": {
        "cv_auroc": 0.7509903044918487,
        "best_C": 0.01
      },
      "10": {
        "cv_auroc": 0.7665534104611081,
        "best_C": 0.01
      },
      "11": {
        "cv_auroc": 0.8050098389460898,
        "best_C": 0.01
      },
      "12": {
        "cv_auroc": 0.7934459619979112,
        "best_C": 0.01
      },
      "13": {
        "cv_auroc": 0.8287015728866436,
        "best_C": 0.01
      },
      "14": {
        "cv_auroc": 0.8395801750839336,
        "best_C": 0.01
      },
      "15": {
        "cv_auroc": 0.8600190951755546,
        "best_C": 0.01
      },
      "16": {
        "cv_auroc": 0.8893011434693155,
        "best_C": 0.01
      },
      "17": {
        "cv_auroc": 0.8914349621010074,
        "best_C": 0.01
      },
      "18": {
        "cv_auroc": 0.8884004428646349,
        "best_C": 0.01
      },
      "19": {
        "cv_auroc": 0.8914739592905201,
        "best_C": 0.01
      },
      "20": {
        "cv_auroc": 0.8953010627854752,
        "best_C": 0.01
      },